Address,is_address
"Lorem ipsum dolor sit amet, consectetur adipi",0
"Etiam ultricies velit orci, sed viverra felis",0
"Phasellus a blandit augue. Proin quis risus l",0
"Etiam facilisis porttitor ipsum, vitae maximu",0
"Etiam ultricies velit orci, sed viverra felis",0
"Phasellus a blandit augue. Proin quis risus l",0
"dales nibh varius vitae. Integer vitae magna",0
"Quisque aliquam lorem turpis. Cras gravida to",0
"Aliquam erat volutpat. Pellentesque venenatis",0
"Duis vulputate velit eget quam vulputate, vit",0
"i. Nulla imperdiet purus ut augue sagittis, i",0
"Duis vulputate velit eget quam vulputate, vit",0
"Aliquam eleifend volutpat efficitur. Fusce ut",0
"Nullam vel pharetra tortor. Morbi aliquet est",0
"Ut eu justo sed sem congue suscipit. Fusce lu",0
"Integer libero risus, efficitur id commodo ne",0
"Mauris faucibus tortor justo, non interdum ni",0
"Maecenas volutpat sem ante, tempor pretium el",0
"Quisque a elit posuere, tincidunt mauris et,",0
"Suspendisse posuere commodo neque bibendum bl",0
"Mauris posuere nunc a nunc finibus, et laoree",0
"Proin eget magna a ligula tempus commodo sed",0
"Donec ut lacinia diam. Curabitur quis ferment",0
"Maecenas posuere neque nec tempor malesuada.",0
"Proin in ipsum congue, suscipit sem vel, cons",0
"Mauris condimentum nunc a sodales convallis.",0
"Suspendisse ut fringilla enim. Sed ornare eni",0
"Vestibulum ante mi, placerat non leo auctor,",0
"Nulla ornare congue mi sed molestie. Suspendi",0
"Pellentesque quis augue at leo pretium facili",0
"Mauris accumsan ornare nunc, ut tempus orci m",0
"Sed suscipit malesuada turpis vitae suscipit.",0
"Morbi a molestie arcu. Vivamus vitae varius o",0
"In hac habitasse platea dictumst. Proin ut fe",0
"Donec iaculis urna a erat molestie aliquet. A",0
"Nunc finibus, elit ut sagittis interdum, feli",0
"Proin in ipsum congue, suscipit sem vel, cons",0
"Mauris condimentum nunc a sodales convallis.",0
"Suspendisse ut fringilla enim. Sed ornare eni",0
"Vestibulum ante mi, placerat non leo auctor,",0
"Nulla ornare congue mi sed molestie. Suspendi",0
"Pellentesque quis augue at leo pretium facili",0
"Mauris accumsan ornare nunc, ut tempus orci m",0
"Sed suscipit malesuada turpis vitae suscipit.",0
"Morbi a molestie arcu. Vivamus vitae varius o",0
"In hac habitasse platea dictumst. Proin ut fe",0
"Donec iaculis urna a erat molestie aliquet. A",0
"Suspendisse lacinia sem eget nisl faucibus pu",0
"Morbi elementum at turpis sit amet sodales. P",0
"Integer interdum maximus eleifend. Aenean ex",0
"Nullam rhoncus mollis odio, vitae iaculis vel",0
"Proin feugiat ligula vel lobortis egestas. Ut",0
"Mauris enim massa, tempor sed scelerisque in,",0
"Fusce tellus dui, congue quis nunc at, dapibu",0
"idunt orci.",0
"Proin efficitur interdum finibus. Ut nec erat",0
"Vivamus eu rhoncus dui, tristique commodo eni",0
"Donec odio nunc, tincidunt ac justo ac, gravi",0
"Quisque mauris turpis, posuere id condimentum",0
"Praesent ut lorem a sapien scelerisque bibend",0
"Etiam ultricies velit orci, sed viverra felis",0
"Phasellus a blandit augue. Proin quis risus l",0
"Etiam facilisis porttitor ipsum, vitae maximu",0
"Quisque aliquam lorem turpis. Cras gravida to",0
"Aliquam eleifend volutpat efficitur. Fusce ut",0
"Nullam vel pharetra tortor. Morbi aliquet est",0
"In et enim viverra, vulputate sem a, imperdie",0
"Sed tincidunt quam aliquet enim dignissim, et",0
"Cras orci lorem, interdum eu est v efficitur",0
"Integer porttitor maximus turpis, ac convalli",0
"Praesent laoreet magna eu feugiat malesuada.",0
"Sed ac nulla non ex sodales vehicula. Curabit",0
"Donec bibendum nisi odio, eget dignissim risu",0
"Fusce tellus dui, congue quis nunc at, dapibu",0
"Donec ultricies ex turpis, eu condimentum aug",0
"Aenean mollis viverra feugiat. Phasellus pell",0
"Vivamus fermentum non ante quis cursus. Sed n",0
"Aliquam iaculis porttitor ante id tempor. Ali",0
"Cras orci lorem, interdum eu est v efficitur",0
"Integer porttitor maximus turpis, ac convalli",0
"Praesent laoreet magna eu feugiat malesuada.",0
"Sed ac nulla non ex sodales vehicula. Curabit",0
"Donec bibendum nisi odio, eget dignissim risu",0
"Nulla metus odio, auctor ut justo at, bibendu",0
"Nam ornare dapibus velit a hendrerit. Ut sed",0
"Integer porttitor maximus turpis, ac convalli",0
"Praesent laoreet magna eu feugiat malesuada.",0
"Sed ac nulla non ex sodales vehicula. Curabit",0
"Donec bibendum nisi odio, eget dignissim risu",0
"Fusce tellus dui, congue quis nunc at, dapibu",0
"Donec ultricies ex turpis, eu condimentum aug",0
"Praesent vel purus ac massa fringilla gravida",0
"metus leo scelerisque justo, non bibendum ex",0
"Sed suscipit malesuada turpis vitae suscipit.",0
"Morbi a molestie arcu. Vivamus vitae varius o",0
"In hac habitasse platea dictumst. Proin ut fe",0
"Donec iaculis urna a erat molestie aliquet. A",0
"Integer id facilisis turpis. Nam sit amet sol",0
"Ut a elit accumsan tellus scelerisque finibus",0
"Aliquam quis leo sodales, porttitor elit port",0
"Donec bibendum nisi odio, eget dignissim risu",0
"Fusce tellus dui, congue quis nunc at, dapibu",0
"Donec ultricies ex turpis, eu condimentum aug",0
"Aenean mollis viverra feugiat. Phasellus pell",0
"Vivamus fermentum non ante quis cursus. Sed n",0
"Aliquam iaculis porttitor ante id tempor. Ali",0
"Cras orci lorem, interdum eu est v efficitur",0
"Integer porttitor maximus turpis, ac convalli",0
"Praesent laoreet magna eu feugiat malesuada.",0
"Aenean mollis viverra feugiat. Phasellus pell",0
"Vivamus fermentum non ante quis cursus. Sed n",0
"Aliquam iaculis porttitor ante id tempor. Ali",0
"Cras orci lorem, interdum eu est v efficitur",0
"Integer porttitor maximus turpis, ac convalli",0
"Praesent laoreet magna e Morbi viverra semper",0
"Vivamus fermentum non ante quis cursus. Sed n",0
"Aliquam iaculis porttitor ante id tempor. Ali",0
"Cras orci lorem, interdum eu est v efficitur",0
"Integer porttitor maximus turpis, ac convalli",0
"Sed ac nulla non ex sodales vehicula. Curabit",0
"Donec ut quam ac nisl fringilla condimentum.",0
"Nunc imperdiet mi non diam porta malesuada. S",0
"Integer nec pulvinar tortor. Donec vehicula o",0
"Pellentesque ultrices elementum posuere. Susp",0
"Curabitur egestas accumsan est, ut molestie t",0
"Integer nec pulvinar tortor. Donec vehicula o",0
"Pellentesque ultrices elementum posuere. Susp",0
"Curabitur egestas accumsan est, ut molestie t",0
"Maecenas orci lacus, posuere ac neque ut, iac",0
"Pellentesque ultrices elementum posuere. Susp",0
"Curabitur egestas accumsan est, ut molestie t",0
"Integer nec pulvinar tortor. Donec vehicula o",0
"Pellentesque ultrices elementum posuere. Susp",0
"Curabitur egestas accumsan est, ut molestie t",0
"Maecenas orci lacus, posuere ac neque ut, iac",0
"Pellentesque odio sapien, bibendum et dolor u",0
"Proin condimentum condimentum augue ultrices",0
"Fusce eget maximus massa. Aenean dignissim eg",0
"Vivamus in ex condimentum, efficitur orci id,",0
"Aenean vestibulum nulla ac imperdiet vulputat",0
"Nunc imperdiet malesuada erat et vulputate. A",0
"Cras tincidunt eleifend arcu. Morbi tincidunt",0
"Quisque vel elit enim. Pellentesque bibendum,",0
"Cras tincidunt eleifend arcu. Morbi tincidunt",0
"Quisque vel elit enim. Pellentesque bibendum,",0
"Suspendisse potenti. Curabitur lobortis mi a",0
"Suspendisse sit amet magna lectus. Phasellus",0
"Proin vitae magna nunc. Class aptent taciti s",0
"Suspendisse potenti. Curabitur lobortis mi a",0
"Suspendisse sit amet magna lectus. Phasellus",0
"Proin vitae magna nunc. Class aptent taciti s",0
"Ut sollicitudin sapien velit, ut fringilla me",0
"Pellentesque luctus iaculis vehicula. Ut soda",0
"Proin justo ex, gravida eget sapien nec, accu",0
"Proin posuere sem urna, vel iaculis justo pel",0
"Nullam nibh sapien, tempor et egestas vel, mo",0
"Nam molestie aliquam malesuada. Nunc et pulvi",0
"Pellentesque vestibulum magna et risus consec",0
"Fusce risus quam, eleifend ut lorem ut, ultri",0
"Sed non tortor nec odio finibus vulputate. Ae",0
"Aliquam ut orci auctor, blandit felis in, rho",0
"Ut pretium ipsum tempor, interdum justo et, s",0
"Proin sed dui sit amet sapien consectetur gra",0
"t ultrices posuere cubilia Curae; Aenean eget",0
"Cras egestas maximus enim ac molestie. Nam at",0
"Nam molestie aliquam malesuada. Nunc et pulvi",0
"Pellentesque vestibulum magna et risus consec",0
"Fusce risus quam, eleifend ut lorem ut, ultri",0
"Sed non tortor nec odio finibus vulputate. Ae",0
"Aliquam ut orci auctor, blandit felis in, rho",0
"Ut pretium ipsum tempor, interdum justo et, s",0
"Proin sed dui sit amet sapien consectetur gra",0
"t ultrices posuere cubilia Curae; Aenean egme",0
"Pellentesque vestibulum magna et risus consec",0
"Fusce risus quam, eleifend ut lorem ut, ultri",0
"Sed non tortor nec odio finibus vulputate. Ae",0
"Nullam nibh sapien, tempor et egestas vel, mo",0
"Nam molestie aliquam malesuada. Nunc et pulvi",0
"Proin posuere sem urna, vel iaculis justo pel",0
"Nullam nibh sapien, tempor et egestas vel, mo",0
"Nam molestie aliquam malesuada. Nunc et pulvi",0
"Pellentesque vestibulum magna et risus consec",0
"Fusce risus quam, eleifend ut lorem ut, ultri",0
"Sed non tortor nec odio finibus vulputate. Ae",0
"Aliquam ut orci auctor, blandit felis in, rho",0
"Ut pretium ipsum tempor, interdum justo et, s",0
"Proin sed dui sit amet sapien consectetur gra",0
"t ultrices posuere cubilia Curae; Aenean egme",0
"Pellentesque vestibulum magna et risus consec",0
"Fusce risus quam, eleifend ut lorem ut, ultri",0
"Sed non tortor nec odio finibus vulputate. Ae",0
"Aliquam ut orci auctor, blandit felis in, rho",0
"Ut pretium ipsum tempor, interdum justo et, s",0
"Proin sed dui sit amet sapien consectetur gra",0
"Donec lectus nisl, facilisis in purus non, di",0
"Proin nec ex molestie, pulvinar velit at, fer",0
"Donec sed egestas nibh. Proin malesuada portt",0
"Integer venenatis mi eu odio iaculis maximus.",0
"Etiam consectetur lobortis orci ut euismod. M",0
"Curabitur nec molestie est. Nulla facilisi. S",0
"Morbi eu nibh turpis. Maecenas aliquet eros v",0
"Ut eros nisi, laoreet in sagittis eget, tempu",0
"Proin ultricies fringilla dui, in volutpat er",0
"Suspendisse quis mi et erat malesuada congue.",0
"Curabitur rhoncus tincidunt sem. Donec quis t",0
"Vivamus elementum mi ut velit efficitur, eu l",0
"Cras auctor cursus tortor, sit amet facilisis",0
"Sed risus felis, luctus nec odio aliquam, mat",0
"Nam condimentum viverra ante, eu vehicula era",0
"Morbi sodales, massa at feugiat convallis, ni",0
"Integer libero risus, efficitur id commodo ne",0
"Vivamus elementum mi ut velit efficitur, eu l",0
"Cras auctor cursus tortor, sit amet facilisis",0
"Sed risus felis, luctus nec odio aliquam, mat",0
"Nam condimentum viverra ante, eu vehicula era",0
"Morbi sodales, massa at feugiat convallis, ni",0
"Integer libero risus, efficitur id commodo ne",0
"Mauris faucibus tortor justo, non interdum ni",0
"Maecenas volutpat sem ante, tempor pretium el",0
"In hac habitasse platea dictumst. Sed a molli",0
"Phasellus cursus lorem est, et semper lorem s",0
"Phasellus volutpat quis lectus sit amet imper",0
"Vivamus elementum mi ut velit efficitur, eu l",0
"Sed risus felis, luctus nec odio aliquam, mat",0
"Nam condimentum viverra ante, eu vehicula era",0
"Morbi sodales, massa at feugiat convallis, ni",0
"Integer libero risus, efficitur id commodo ne",0
"Mauris faucibus tortor justo, non interdum ni",0
"Maecenas volutpat sem ante, tempor pretium el",0
"In hac habitasse platea dictumst. Sed a molli",0
"Phasellus cursus lorem est, et semper lorem s",0
"Phasellus volutpat quis lectus sit amet imper",0
"Vivamus elementum mi ut velit efficitur, eu l",0
"Cras auctor cursus tortor, sit amet facilisis",0
"Sed risus felis, luctus nec odio aliquam, mat",0
"Nam condimentum viverra ante, eu vehicula era",0
"Morbi sodales, massa at feugiat convallis, ni",0
"Integer libero risus, efficitur id commodo ne",0
"Mauris faucibus tor onvallis vitae tortor eu",0
"Proin a eros sed elit eleifend tempus. Donec",0
"Maecenas volutpat sem ante, tempor pretium el",0
"Proin a eros sed elit eleifend tempus. Donec",0
"Aliquam erat volutpat. Pellentesque venenatis",0
"Duis vulputate velit eget quam vulputate, vit",0
"In hac habitasse platea dictumst. Sed a molli",0
"Phasellus cursus lorem est, et semper lorem s",0
"Phasellus volutpat quis lectus sit amet imper",0
"Aliquam erat volutpat. Pellentesque venenatis",0
"Phasellus cursus lorem est, et semper lorem s",0
"Phasellus volutpat quis lectus sit amet imper",0
"Aliquam erat volutpat. Pellentesque venenatis",0
"Proin a eros sed elit eleifend tempus. Donec",0
"Aliquam erat volutpat. Pellentesque venenatis",0
"Duis vulputate velit eget quam vulputate, vit",0
"Aliquam erat volutpat. Pellentesque venenatis",0
"Proin a eros sed elit eleifend tempus. Donec",0
"Aliquam erat volutpat. Pellentesque venenatis",0
"Integer semper nunc sem, et consectetur enim",0
"Phasellus volutpat quis lectus sit amet imper",0
"Proin a eros sed elit eleifend tempus. Donec",0
"Aliquam erat volutpat. Pellentesque venenatis",0
"Duis vulputate velit eget quam vulputate, vit",0
"i. Nulla imperdiet purus ut augue sagittis, i",0
"Duis vulputate velit eget quam vulputate, vit",0
"Lorem ipsum dolor sit amet, consectetur adipi",0
"Etiam ultricies velit orci, sed viverra felis",0
"Phasellus a blandit augue. Proin quis risus l",0
"Etiam facilisis porttitor ipsum, vitae maximu",0
"Etiam ultricies velit orci, sed viverra felis",0
"Phasellus a blandit augue. Proin quis risus l",0
"dales nibh varius vitae. Integer vitae magna",0
"Quisque aliquam lorem turpis. Cras gravida to",0
"Aliquam erat volutpat. Pellentesque venenatis",0
"Duis vulputate velit eget quam vulputate, vit",0
"i. Nulla imperdiet purus ut augue sagittis, i",0
"Duis vulputate velit eget quam vulputate, vit",0
"Aliquam eleifend volutpat efficitur. Fusce ut",0
"Nullam vel pharetra tortor. Morbi aliquet est",0
"Ut eu justo sed sem congue suscipit. Fusce lu",0
"Integer libero risus, efficitur id commodo ne",0
"Mauris faucibus tortor justo, non interdum ni",0
"Maecenas volutpat sem ante, tempor pretium el",0
"Quisque a elit posuere, tincidunt mauris et,",0
"Suspendisse posuere commodo neque bibendum bl",0
"Mauris posuere nunc a nunc finibus, et laoree",0
"Proin eget magna a ligula tempus commodo sed",0
"Donec ut lacinia diam. Curabitur quis ferment",0
"Maecenas posuere neque nec tempor malesuada.",0
"Proin in ipsum congue, suscipit sem vel, cons",0
"Mauris condimentum nunc a sodales convallis.",0
"Suspendisse ut fringilla enim. Sed ornare eni",0
"Vestibulum ante mi, placerat non leo auctor,",0
"Nulla ornare congue mi sed molestie. Suspendi",0
"Pellentesque quis augue at leo pretium facili",0
"Mauris accumsan ornare nunc, ut tempus orci m",0
"Sed suscipit malesuada turpis vitae suscipit.",0
"Morbi a molestie arcu. Vivamus vitae varius o",0
"In hac habitasse platea dictumst. Proin ut fe",0
"Donec iaculis urna a erat molestie aliquet. A",0
"Nunc finibus, elit ut sagittis interdum, feli",0
"Proin in ipsum congue, suscipit sem vel, cons",0
"Mauris condimentum nunc a sodales convallis.",0
"Suspendisse ut fringilla enim. Sed ornare eni",0
"Vestibulum ante mi, placerat non leo auctor,",0
"Nulla ornare congue mi sed molestie. Suspendi",0
"Pellentesque quis augue at leo pretium facili",0
"Mauris accumsan ornare nunc, ut tempus orci m",0
"Sed suscipit malesuada turpis vitae suscipit.",0
"Morbi a molestie arcu. Vivamus vitae varius o",0
"In hac habitasse platea dictumst. Proin ut fe",0
"Donec iaculis urna a erat molestie aliquet. A",0
"Suspendisse lacinia sem eget nisl faucibus pu",0
"Morbi elementum at turpis sit amet sodales. P",0
"Integer interdum maximus eleifend. Aenean ex",0
"Nullam rhoncus mollis odio, vitae iaculis vel",0
"Proin feugiat ligula vel lobortis egestas. Ut",0
"Mauris enim massa, tempor sed scelerisque in,",0
"Fusce tellus dui, congue quis nunc at, dapibu",0
"Proin efficitur interdum finibus. Ut nec erat",0
"Vivamus eu rhoncus dui, tristique commodo eni",0
"Donec odio nunc, tincidunt ac justo ac, gravi",0
"Quisque mauris turpis, posuere id condimentum",0
"Praesent ut lorem a sapien scelerisque bibend",0
"Etiam ultricies velit orci, sed viverra felis",0
"Phasellus a blandit augue. Proin quis risus l",0
"Etiam facilisis porttitor ipsum, vitae maximu",0
"Quisque aliquam lorem turpis. Cras gravida to",0
"Aliquam eleifend volutpat efficitur. Fusce ut",0
"Nullam vel pharetra tortor. Morbi aliquet est",0
"In et enim viverra, vulputate sem a, imperdie",0
"Sed tincidunt quam aliquet enim dignissim, et",0
"Cras orci lorem, interdum eu est v efficitur",0
"Integer porttitor maximus turpis, ac convalli",0
"Praesent laoreet magna eu feugiat malesuada.",0
"Sed ac nulla non ex sodales vehicula. Curabit",0
"Donec bibendum nisi odio, eget dignissim risu",0
"Fusce tellus dui, congue quis nunc at, dapibu",0
"Donec ultricies ex turpis, eu condimentum aug",0
"Aenean mollis viverra feugiat. Phasellus pell",0
"Vivamus fermentum non ante quis cursus. Sed n",0
"Aliquam iaculis porttitor ante id tempor. Ali",0
"Cras orci lorem, interdum eu est v efficitur",0
"Integer porttitor maximus turpis, ac convalli",0
"Praesent laoreet magna eu feugiat malesuada.",0
"Sed ac nulla non ex sodales vehicula. Curabit",0
"Donec bibendum nisi odio, eget dignissim risu",0
"Nulla metus odio, auctor ut justo at, bibendu",0
"Nam ornare dapibus velit a hendrerit. Ut sed",0
"Integer porttitor maximus turpis, ac convalli",0
"Praesent laoreet magna eu feugiat malesuada.",0
"Sed ac nulla non ex sodales vehicula. Curabit",0
"Donec bibendum nisi odio, eget dignissim risu",0
"Fusce tellus dui, congue quis nunc at, dapibu",0
"Donec ultricies ex turpis, eu condimentum aug",0
"Praesent vel purus ac massa fringilla gravida",0
"metus leo scelerisque justo, non bibendum ex",0
"Sed suscipit malesuada turpis vitae suscipit.",0
"Morbi a molestie arcu. Vivamus vitae varius o",0
"In hac habitasse platea dictumst. Proin ut fe",0
"Donec iaculis urna a erat molestie aliquet. A",0
"Integer id facilisis turpis. Nam sit amet sol",0
"Ut a elit accumsan tellus scelerisque finibus",0
"Aliquam quis leo sodales, porttitor elit port",0
"Donec bibendum nisi odio, eget dignissim risu",0
"Fusce tellus dui, congue quis nunc at, dapibu",0
"Donec ultricies ex turpis, eu condimentum aug",0
"Aenean mollis viverra feugiat. Phasellus pell",0
"Vivamus fermentum non ante quis cursus. Sed n",0
"Aliquam iaculis porttitor ante id tempor. Ali",0
"Cras orci lorem, interdum eu est v efficitur",0
"Integer porttitor maximus turpis, ac convalli",0
"Praesent laoreet magna eu feugiat malesuada.",0
"Aenean mollis viverra feugiat. Phasellus pell",0
"Vivamus fermentum non ante quis cursus. Sed n",0
"Aliquam iaculis porttitor ante id tempor. Ali",0
"Cras orci lorem, interdum eu est v efficitur",0
"Integer porttitor maximus turpis, ac convalli",0
"Praesent laoreet magna e Morbi viverra semper",0
"Vivamus fermentum non ante quis cursus. Sed n",0
"Aliquam iaculis porttitor ante id tempor. Ali",0
"Cras orci lorem, interdum eu est v efficitur",0
"Integer porttitor maximus turpis, ac convalli",0
"Sed ac nulla non ex sodales vehicula. Curabit",0
"Donec ut quam ac nisl fringilla condimentum.",0
"Nunc imperdiet mi non diam porta malesuada. S",0
"Integer nec pulvinar tortor. Donec vehicula o",0
"Pellentesque ultrices elementum posuere. Susp",0
"Curabitur egestas accumsan est, ut molestie t",0
"Integer nec pulvinar tortor. Donec vehicula o",0
"Pellentesque ultrices elementum posuere. Susp",0
"Curabitur egestas accumsan est, ut molestie t",0
"Maecenas orci lacus, posuere ac neque ut, iac",0
"Pellentesque ultrices elementum posuere. Susp",0
"Curabitur egestas accumsan est, ut molestie t",0
"Integer nec pulvinar tortor. Donec vehicula o",0
"Pellentesque ultrices elementum posuere. Susp",0
"Curabitur egestas accumsan est, ut molestie t",0
"Maecenas orci lacus, posuere ac neque ut, iac",0
"Pellentesque odio sapien, bibendum et dolor u",0
"Proin condimentum condimentum augue ultrices",0
"Fusce eget maximus massa. Aenean dignissim eg",0
"Vivamus in ex condimentum, efficitur orci id,",0
"Aenean vestibulum nulla ac imperdiet vulputat",0
"Nunc imperdiet malesuada erat et vulputate. A",0
"Cras tincidunt eleifend arcu. Morbi tincidunt",0
"Quisque vel elit enim. Pellentesque bibendum,",0
"Cras tincidunt eleifend arcu. Morbi tincidunt",0
" sit amet at tortor. Donec ut sodales augue.",0
"dales est, vel blandit arcu mauris et felis.",0
"tis urna hendrerit lectus ultrices interdum.",0
" sit amet at tortor. Donec ut sodales augue.",0
"dales est, vel blandit arcu mauris et felis.",0
"tis urna hendrerit lectus ultrices interdum.",0
"t ligula, sed ornare ligula aliquam sodales.",0
"ismod nec velit ut, dignissim lobortis orci.",0
"luctus enim, at sodales justo nulla in quam.",0
"que augue, eget euismod augue nisi at felis.",0
"um ut ligula faucibus ultricies nec a felis.",0
"r ex ullamcorper, ut tincidunt nisl egestas.",0
"uismod nisi sed enim tincidunt sollicitudin.",0
"uscipit urna gravida neque finibus interdum.",0
"bus non ligula vitae, ultricies accumsan mi.",0
"us feugiat gravida. Donec sed feugiat lorem.",0
"a consectetur erat. Mauris eget justo neque.",0
"n dignissim elit. Vivamus eu lacinia tortor.",0
"itur sed lectus sed justo lacinia efficitur.",0
"ris eget luctus bibendum. In ut lectus urna.",0
"r ex ullamcorper, ut tincidunt nisl egestas.",0
"uismod nisi sed enim tincidunt sollicitudin.",0
"uscipit urna gravida neque finibus interdum.",0
"bus non ligula vitae, ultricies accumsan mi.",0
"us feugiat gravida. Donec sed feugiat lorem.",0
"a consectetur erat. Mauris eget justo neque.",0
"n dignissim elit. Vivamus eu lacinia tortor.",0
"itur sed lectus sed justo lacinia efficitur.",0
"uismod nisi sed enim tincidunt sollicitudin.",0
"uscipit urna gravida neque finibus interdum.",0
"bus non ligula vitae, ultricies accumsan mi.",0
"um ut ligula faucibus ultricies nec a felis.",0
"r ex ullamcorper, ut tincidunt nisl egestas.",0
"que augue, eget euismod augue nisi at felis.",0
"um ut ligula faucibus ultricies nec a felis.",0
"r ex ullamcorper, ut tincidunt nisl egestas.",0
"uismod nisi sed enim tincidunt sollicitudin.",0
"uscipit urna gravida neque finibus interdum.",0
"bus non ligula vitae, ultricies accumsan mi.",0
"us feugiat gravida. Donec sed feugiat lorem.",0
"a consectetur erat. Mauris eget justo neque.",0
"n dignissim elit. Vivamus eu lacinia tortor.",0
"itur sed lectus sed justo lacinia efficitur.",0
"uismod nisi sed enim tincidunt sollicitudin.",0
"uscipit urna gravida neque finibus interdum.",0
"bus non ligula vitae, ultricies accumsan mi.",0
"us feugiat gravida. Donec sed feugiat lorem.",0
"a consectetur erat. Mauris eget justo neque.",0
"n dignissim elit. Vivamus eu lacinia tortor.",0
"itur sed lectus sed justo lacinia efficitur.",0
"cinia magna, in pulvinar massa fringilla at.",0
"amet neque dignissim maximus id vitae augue.",0
" amet mauris quis, aliquet malesuada ligula.",0
"rna nec euismod. Vestibulum sit amet est mi.",0
" sem. Nullam a mi quis mi sagittis volutpat.",0
"atis sapien, sed rhoncus lectus volutpat at.",0
"an vitae semper urna. Fusce nec felis ipsum.",0
"drerit justo, non porta sapien hendrerit ut.",0
"lorem, non lobortis purus neque vitae magna.",0
"isque. Integer tincidunt et eros eu gravida.",0
" mi. Quisque eleifend quis nulla et commodo.",0
"r ut urna sit amet libero gravida fringilla.",0
"giat augue nunc, ut dictum dolor feugiat id.",0
"suscipit tempor. Maecenas sit amet est erat.",0
"s, eget congue dolor nisl vestibulum tellus.",0
"ipsum leo, quis venenatis sem dignissim sed.",0
" mi. Quisque eleifend quis nulla et commodo.",0
"r ut urna sit amet libero gravida fringilla.",0
"giat augue nunc, ut dictum dolor feugiat id.",0
"suscipit tempor. Maecenas sit amet est erat.",0
"s, eget congue dolor nisl vestibulum tellus.",0
"ipsum leo, quis venenatis sem dignissim sed.",0
"Morbi et porttitor ante, vel ultricies nisi.",0
"condimentum diam. Sed quis imperdiet sapien.",0
"lis. Sed mollis sodales nunc eget fringilla.",0
"t porta tortor, nec finibus ante cursus non.",0
", pulvinar ut faucibus non, mollis non nunc.",0
" mi. Quisque eleifend quis nulla et commodo.",0
"giat augue nunc, ut dictum dolor feugiat id.",0
"suscipit tempor. Maecenas sit amet est erat.",0
"s, eget congue dolor nisl vestibulum tellus.",0
"ipsum leo, quis venenatis sem dignissim sed.",0
"Morbi et porttitor ante, vel ultricies nisi.",0
"condimentum diam. Sed quis imperdiet sapien.",0
"lis. Sed mollis sodales nunc eget fringilla.",0
"t porta tortor, nec finibus ante cursus non.",0
", pulvinar ut faucibus non, mollis non nunc.",0
" mi. Quisque eleifend quis nulla et commodo.",0
"r ut urna sit amet libero gravida fringilla.",0
"giat augue nunc, ut dictum dolor feugiat id.",0
"suscipit tempor. Maecenas sit amet est erat.",0
"s, eget congue dolor nisl vestibulum tellus.",0
"ipsum leo, quis venenatis sem dignissim sed.",0
"Morbi et porttitor ante, vel ultricies nisi.",0
"posuere nisi ac turpis condimentum sagittis.",0
"condimentum diam. Sed quis imperdiet sapien.",0
"posuere nisi ac turpis condimentum sagittis.",0
"m. Morbi tristique egestas justo ac gravida.",0
" varius mi, a molestie nisi dolor et tortor.",0
"erdum nisi llis sodales nunc eget fringilla.",0
"ces suscipit, hendrerit at lig e cursus non.",0
", pulvinar ut faucibus non, mollis non nunc",0
"m. Morbi tristique egestas justo ac gravida.",0
"t porta tortor, nec finibus ante cursus non.",0
", pulvinar ut faucibus non, mollis non nunc.",0
"m. Morbi tristique egestas justo ac gravida",0
"posuere nisi ac turpis condimentum sagittis.",0
"m. Morbi tristique egestas justo ac gravida.",0
" varius mi, a molestie nisi dolor et tortor.",0
"m. Morbi tristique egestas justo ac gravida.",0
"posuere nisi ac turpis condimentum sagittis.",0
"m. Morbi tristique egestas justo ac gravida.",0
"on leo tempor, ac consectetur risus viverra",0
", pulvinar ut faucibus non, mollis non nunc.",0
"posuere nisi ac turpis condimentum sagittis.",0
"m. Morbi tristique egestas justo ac gravida.",0
" varius mi, a molestie nisi dolor et tortor.",0
"on leo tempor, ac consectetur risus viverra.",0
" varius mi, a molestie nisi dolor et tortor",0
"citur, ac interdum nisi est tempus. Aliquam",0
